{"default_fov": 75.0, "default_transition_sec": 2.0, "keyframes": [{"matrix": [0.9177332272871976, -0.3251258001803301, 0.22816427763811958, 0.19116909814588873, 0.3971973357577123, 0.751210350655111, -0.5271786087613953, -0.2490802541716876, -6.938893903907228e-17, 0.5744355691683144, 0.8185498010959839, -0.06842961030559322, 0.0, 0.0, 0.0, 1.0], "fov": 75.0, "aspect": 1.7777777777777777, "override_transition_enabled": false, "override_transition_sec": null}], "camera_type": "perspective", "render_height": 1080.0, "render_width": 1920.0, "fps": 30.0, "seconds": 0.0, "is_cycle": false, "smoothness_value": 0.0, "camera_path": []}